Ship Size (TEU),Speed- Knots,Fuel Consumption - Tons per Day,Speed-MPH,Fuel Consumption - Gallons per day,Fuel Consumption- Gallons/hour,MPG,Gallons per mile
"10,000+",17.48,103.56,20.10257602,77468.63057,3227.859607,0.006227835,160.5694516
"10,000+",17.55,105.62,20.18588943,79011.10832,3292.129514,0.00613156,163.0906344
"10,000+",17.66,108.71,20.30487832,81322.855,3388.452292,0.005992375,166.8787293
"10,000+",17.74,109.77,20.40036622,82111.82351,3421.325979,0.005962708,167.7090471
"10,000+",17.79,110.81,20.45996665,82888.97226,3453.707177,0.005924059,168.8031675
"10,000+",17.85,113.88,20.53110559,85184.95926,3549.373303,0.005784431,172.8778456
"10,000+",17.93,114.93,20.614631,85969.98785,3582.082827,0.005754929,173.7641012
"10,000+",18.02,115.99,20.72208139,86762.89628,3615.120678,0.005732058,174.4574114
"10,000+",18.14,118.07,20.86520724,88325.07362,3680.211401,0.005669568,176.3802947
"10,000+",18.24,120.15,20.97244563,89875.43121,3744.809634,0.005600404,178.5585573
"10,000+",18.33,122.22,21.07968402,91425.7888,3809.407867,0.005533585,180.714657
"10,000+",18.41,125.30,21.17474793,93729.65564,3905.402318,0.005421912,184.4367797
"10,000+",18.52,127.38,21.29394881,95283.95315,3970.164715,0.005363493,186.4456776
"10,000+",18.60,129.44,21.38922471,96830.37082,4034.598784,0.00530145,188.6276309
"10,000+",18.72,131.53,21.53235056,98392.54817,4099.689507,0.005252191,190.3967472
"10,000+",18.80,134.61,21.61545198,100692.4751,4195.519795,0.005152032,194.0981756
"10,000+",18.91,137.70,21.74640335,103008.1617,4292.006737,0.005066722,197.3662802
"10,000+",18.99,139.77,21.84167926,104554.5794,4356.440806,0.005013652,199.4553969
"10,000+",19.08,141.84,21.93695516,106100.997,4420.874876,0.00496213,201.526367
"10,000+",19.20,144.94,22.07986902,108420.6235,4517.525981,0.004887602,204.5993107
"10,000+",19.27,147.00,22.16318244,109963.1013,4581.795887,0.004837226,206.7300533
"10,000+",19.39,151.11,22.29392181,113036.2371,4709.84321,0.004733474,211.2613137
"10,000+",19.51,153.20,22.43704766,114598.4144,4774.933933,0.004698923,212.8147163
"10,000+",19.63,158.32,22.57953753,118432.9392,4934.705802,0.00457566,218.5476914
"10,000+",19.77,161.43,22.73441387,120756.5057,5031.521069,0.004518398,221.3173868
"10,000+",19.86,164.51,22.84144027,123064.3124,5127.679684,0.004454537,224.4902083
"10,000+",20.01,167.62,23.0082791,125391.8188,5224.659115,0.004403786,227.077353
"10,000+",20.09,171.72,23.10313102,128453.1348,5352.213949,0.004316556,231.6661731
"10,000+",20.19,174.81,23.2221199,130764.8814,5448.536727,0.004262084,234.6270173
"10,000+",20.30,177.90,23.34110878,133076.6281,5544.859505,0.004209504,237.5576737
"10,000+",20.38,179.97,23.43638469,134623.0458,5609.293575,0.004178135,239.3412486
"10,000+",20.51,185.10,23.59083704,138461.5106,5769.229606,0.004089079,244.5538323
"10,000+",20.61,188.18,23.69786344,140769.3173,5865.388221,0.004040289,247.5070479
"10,000+",20.72,191.28,23.82881481,143085.0039,5961.875163,0.003996866,250.1960425
"10,000+",20.84,195.39,23.97151667,146162.0796,6090.086649,0.003936154,254.0551243
"10,000+",20.96,200.51,24.10204406,149992.6645,6249.694354,0.003856516,259.3014244
"10,000+",21.07,203.61,24.23299543,152308.3511,6346.181296,0.003818516,261.8818344
"10,000+",21.21,208.74,24.38744778,156146.8159,6506.117327,0.003748387,266.7813945
"10,000+",21.32,210.82,24.51861115,157705.0533,6571.043887,0.003731311,268.002288
"10,000+",21.41,216.94,24.62500156,162285.2075,6761.883647,0.003641737,274.5942423
"10,000+",21.55,221.06,24.77966591,165366.2231,6890.259297,0.003596333,278.0610248
"10,000+",21.67,225.18,24.92236778,168443.2988,7018.470783,0.003550968,281.6133221
"10,000+",21.79,230.30,25.05289516,172273.8837,7178.078489,0.003490195,286.5169252
"10,000+",21.92,235.43,25.20734751,176112.3485,7338.01452,0.003435173,291.1061751
"10,000+",22.03,238.52,25.33829888,178428.0351,7434.501462,0.003408204,293.4096521
"10,000+",22.19,245.69,25.51625223,183789.278,7657.886584,0.003332023,300.1179999
"10,000+",22.32,251.84,25.67049259,188385.1919,7849.382997,0.003270383,305.7745374
"10,000+",22.43,255.94,25.78926948,191454.3878,7977.266157,0.003232846,309.3250146
"10,000+",22.56,260.06,25.94393383,194535.4034,8105.641807,0.003200725,312.4291736
"10,000+",22.69,266.20,26.09817419,199131.3173,8297.13822,0.003145443,317.920256
"10,000+",22.82,271.33,26.24066406,202965.8421,8456.910089,0.003102867,322.2826248
"10,000+",22.95,276.46,26.39511642,206804.3069,8616.84612,0.003063199,326.4560756
"10,000+",23.07,282.59,26.5254318,211392.341,8808.014208,0.003011511,332.0592205
"10,000+",23.21,288.74,26.69163465,215992.1948,8999.674784,0.002965844,337.1721103
"10,000+",23.33,294.88,26.83391253,220584.1688,9191.007035,0.002919584,342.5146081
"10,000+",23.45,297.97,26.9648639,222899.8554,9287.493976,0.002903352,344.4294772
"10,000+",23.58,305.13,27.11889227,228253.2185,9510.550771,0.002851453,350.69835
"10,000+",23.71,312.28,27.26095815,233602.6417,9733.443404,0.002800752,357.0470029
"10,000+",23.83,316.40,27.40366001,236679.7174,9861.65489,0.002778809,359.8663421
"10,000+",23.95,321.52,27.54614988,240514.2422,10021.42676,0.002748725,363.8049891
"10,000+",24.08,327.66,27.68842776,245106.2162,10212.75901,0.00271116,368.8457538
"10,000+",24.20,334.81,27.83049364,250455.6394,10435.65164,0.002666867,374.9718483
"10,000+",24.30,338.91,27.94927053,253524.8352,10563.5348,0.002645826,377.9538643
"10,000+",24.40,345.04,28.05566095,258104.9895,10754.37456,0.002608767,383.3228018
"10,000+",24.52,349.15,28.19836281,261182.0652,10882.58605,0.002591145,385.9297123
"10,000+",24.61,354.26,28.30496522,265004.7702,11041.86543,0.002563422,390.1034797
"10,000+",24.72,360.39,28.42331813,269588.8644,11232.86935,0.00253037,395.1990862
"10,000+",24.80,363.47,28.51838204,271892.7313,11328.8638,0.002517321,397.2477747
"10,000+",24.86,366.54,28.58952097,274188.7183,11424.52993,0.002502468,399.6055036
"10,000+",24.92,370.62,28.66044792,277242.1544,11551.75643,0.002481047,403.0556838
9000-10000x,17.47,83.30,20.0948534,62315.70733,2596.487805,0.007739244,129.2115824
9000-10000x,17.56,85.37,20.1901293,63862.125,2660.921875,0.007587645,131.7932062
9000-10000x,17.66,87.45,20.30933018,65416.42251,2725.684271,0.007451094,134.208477
9000-10000x,17.75,89.52,20.41656857,66966.7801,2790.282504,0.007317026,136.6675548
9000-10000x,17.84,90.58,20.51205647,67755.74861,2823.156192,0.007265647,137.6339908
9000-10000x,17.94,91.64,20.63146934,68552.59695,2856.358206,0.007222998,138.446669
9000-10000x,18.04,93.72,20.75067022,70106.89446,2921.120603,0.007103668,140.7723496
9000-10000x,18.14,93.77,20.85833259,70142.35372,2922.598072,0.007136915,140.1165725
9000-10000x,18.23,96.85,20.96535899,72450.16048,3018.756687,0.006945031,143.9878367
9000-10000x,18.34,97.92,21.09673435,73250.94874,3052.122864,0.006912151,144.6727638
9000-10000x,18.42,98.97,21.18025976,74035.97733,3084.832389,0.006865935,145.6465796
9000-10000x,18.50,101.04,21.27553566,75582.395,3149.266458,0.006755712,148.0228986
9000-10000x,18.62,104.14,21.41844952,77902.02151,3245.917563,0.006598581,151.5477374
9000-10000x,18.73,105.21,21.53786239,78698.86985,3279.119577,0.006568185,152.2490727
9000-10000x,18.81,107.27,21.63313829,80245.28752,3343.553647,0.006470104,154.557032
9000-10000x,18.89,109.34,21.7284142,81791.7052,3407.987717,0.006375731,156.8447511
9000-10000x,19.01,112.44,21.85936557,84107.39179,3504.474658,0.006237558,160.3191386
9000-10000x,19.10,114.51,21.96660396,85657.74938,3569.072891,0.006154709,162.4772267
9000-10000x,19.23,116.60,22.10972981,87219.92672,3634.163614,0.006083856,164.3694267
9000-10000x,19.31,118.66,22.20500571,88766.3444,3698.597683,0.006003628,166.5659415
9000-10000x,19.41,120.74,22.32420659,90320.64191,3763.360079,0.005931988,168.5775512
9000-10000x,19.51,122.81,22.43144498,91870.9995,3827.958312,0.005859898,170.6514367
9000-10000x,19.62,124.90,22.56260834,93429.23692,3892.884872,0.005795858,172.5370052
9000-10000x,19.72,126.97,22.68180922,94983.53443,3957.647268,0.005731135,174.4855196
9000-10000x,19.82,129.05,22.78904761,96533.89202,4022.245501,0.005665753,176.4990609
9000-10000x,19.91,132.13,22.89607401,98841.69878,4118.404116,0.005559453,179.8738122
9000-10000x,19.99,134.20,22.99134991,100388.1165,4182.838185,0.005496591,181.9309524
9000-10000x,20.10,137.29,23.11033879,102699.8631,4279.160964,0.005400671,185.1621909
9000-10000x,20.20,139.37,23.22953967,104254.1606,4343.92336,0.005347594,186.9999759
9000-10000x,20.29,140.43,23.33699006,105047.0691,4376.961211,0.005331779,187.554659
9000-10000x,20.39,143.51,23.44401645,107354.8758,4473.119826,0.005241088,190.8000634
9000-10000x,20.50,147.62,23.57475583,110428.0116,4601.167149,0.005123647,195.1734806
9000-10000x,20.61,149.70,23.70591919,111986.249,4666.093708,0.005080464,196.8324312
9000-10000x,20.71,152.79,23.81294559,114294.0558,4762.252323,0.005000354,199.9858567
9000-10000x,20.82,155.88,23.94389696,116609.7423,4858.739265,0.004928006,202.9218248
9000-10000x,20.92,157.96,24.06309784,118164.0399,4923.501661,0.004887395,204.6079725
9000-10000x,21.05,162.08,24.2057997,121241.1155,5051.713147,0.004791602,208.6984611
9000-10000x,21.17,164.16,24.34892555,122803.2929,5116.80387,0.00475862,210.1449553
9000-10000x,21.26,168.26,24.44377747,125864.6089,5244.358703,0.004660966,214.547801
9000-10000x,21.37,170.34,24.57494083,127422.8463,5309.285263,0.004628672,216.0446814
9000-10000x,21.46,173.43,24.68196723,129730.6531,5405.443878,0.004566131,219.0037702
9000-10000x,21.57,176.52,24.80095611,132042.3997,5501.766656,0.004507817,221.8368772
9000-10000x,21.68,178.60,24.93211947,133600.6372,5566.693215,0.004478802,223.2739668
9000-10000x,21.77,182.70,25.03893388,136665.8931,5694.412212,0.004397106,227.4223112
9000-10000x,21.88,184.77,25.15813475,138220.1906,5759.174608,0.004368358,228.9189824
9000-10000x,21.99,188.88,25.28887413,141293.3264,5887.221931,0.004295553,232.7988941
9000-10000x,22.08,192.98,25.39568853,144358.5823,6014.940928,0.004222101,236.8489013
9000-10000x,22.19,195.06,25.51488941,145912.8798,6079.703324,0.004196733,238.2806065
9000-10000x,22.29,198.15,25.63387829,148224.6265,6176.026103,0.004150546,240.932177
9000-10000x,22.40,202.26,25.76461767,151297.7622,6304.073426,0.004086979,244.6794867
9000-10000x,22.51,205.35,25.88360655,153609.5089,6400.396204,0.004044063,247.2760583
9000-10000x,22.59,208.43,25.97867047,155913.3757,6496.390656,0.003998939,250.0663251
9000-10000x,22.69,211.52,26.09765935,158225.1224,6592.713434,0.003958561,252.6170392
9000-10000x,22.80,215.62,26.21643624,161294.3182,6720.596594,0.003900909,256.3505021
9000-10000x,22.92,219.73,26.3591381,164371.3939,6848.80808,0.003848719,259.8267081
9000-10000x,23.03,223.84,26.48987748,167444.5297,6976.855403,0.003796822,263.3781681
9000-10000x,23.14,227.94,26.60865437,170513.7255,7104.738563,0.003745198,267.0085629
9000-10000x,23.24,230.02,26.72785525,172068.023,7169.50096,0.003727994,268.2407883
9000-10000x,23.34,234.13,26.84663214,175137.2189,7297.38412,0.003678939,271.8174884
9000-10000x,23.45,238.23,26.96540903,178206.4147,7425.26728,0.003631574,275.3626794
9000-10000x,23.57,243.35,27.10789889,182040.9396,7585.039148,0.003573864,279.8091869
9000-10000x,23.68,246.44,27.22688778,184352.6862,7681.361926,0.003544539,282.1241263
9000-10000x,23.79,250.55,27.35762715,187425.822,7809.409249,0.003503162,285.4563813
9000-10000x,23.90,253.65,27.48857852,189741.5086,7905.896191,0.003476972,287.6065848
9000-10000x,23.96,257.73,27.55950547,192794.9447,8033.122698,0.003430734,291.4828318
9000-10000x,24.07,260.82,27.67849435,195106.6914,8129.445476,0.003404721,293.7098157
9000-10000x,24.17,264.92,27.79727124,198175.8873,8257.328636,0.003366376,297.0553679
9000-10000x,24.29,269.03,27.92801062,201249.023,8385.375959,0.003330562,300.2496695
9000-10000x,24.38,274.14,28.03461303,205071.7281,8544.655338,0.003280953,304.7894875
9000-10000x,24.48,277.23,28.15360191,207383.4748,8640.978116,0.00325815,306.9226503
9000-10000x,24.56,280.31,28.24866582,209687.3416,8736.972568,0.003233233,309.2879721
9000-10000x,24.67,283.40,28.36765471,211999.0883,8833.295346,0.003211446,311.3861698
9000-10000x,24.74,288.50,28.45033214,215813.9136,8992.246398,0.003163874,316.0682396
9000-10000x,24.80,290.56,28.52168308,217352.4514,9056.352141,0.003149357,317.5251656
9000-10000x,24.88,293.64,28.61674699,219656.3182,9152.346593,0.003126711,319.8248423
9000-10000x,24.94,295.69,28.67613543,221190.9161,9216.288173,0.003111463,321.3922669
8000-9000x,17.49,74.20,20.10872383,55502.60475,2312.608531,0.008695256,115.0052361
8000-9000x,17.59,75.26,20.2281367,56299.4531,2345.810546,0.008623091,115.9677029
8000-9000x,17.69,76.33,20.34754957,57096.30144,2379.01256,0.008552939,116.9188728
8000-9000x,17.80,78.40,20.46675044,58650.59895,2443.774956,0.008375055,119.4021964
8000-9000x,17.91,81.50,20.59770181,60966.28554,2540.261897,0.008108495,123.3274431
8000-9000x,18.07,83.60,20.77671512,62540.28264,2605.84511,0.00797312,125.4214198
8000-9000x,18.18,85.69,20.90787849,64098.52006,2670.771669,0.007828404,127.7399652
8000-9000x,18.27,85.73,21.01554086,64133.97932,2672.249138,0.007864364,127.1558584
8000-9000x,18.39,87.82,21.14670423,65692.21675,2737.175698,0.007725739,129.4374607
8000-9000x,18.44,87.84,21.20651666,65711.91634,2737.996514,0.007745268,129.1110916
8000-9000x,18.52,89.91,21.30179256,67258.33401,2802.430584,0.007601185,131.5584393
8000-9000x,18.58,89.94,21.36160499,67278.0336,2803.2514,0.007620296,131.2285009
8000-9000x,18.65,92.00,21.44491841,68820.51135,2867.521306,0.007478556,133.7156547
8000-9000x,18.73,94.07,21.54019432,70366.92902,2931.955376,0.007346699,136.1155491
8000-9000x,18.81,95.12,21.63568221,71155.89753,2964.829064,0.007297447,137.0342305
8000-9000x,18.87,96.16,21.69528265,71933.04629,2997.210262,0.007238492,138.150321
8000-9000x,18.95,98.23,21.79055856,73479.46396,3061.644332,0.007117273,140.5032516
8000-9000x,19.00,98.25,21.85037099,73499.16355,3062.465148,0.007134896,140.1562083
8000-9000x,19.06,100.31,21.92172192,75037.70139,3126.570891,0.007011426,142.6243295
8000-9000x,19.12,100.34,21.99349684,75061.34089,3127.55587,0.007032168,142.2036656
8000-9000x,19.21,103.42,22.08856075,77365.20773,3223.550322,0.006852246,145.9375447
8000-9000x,19.29,104.48,22.18404865,78154.17624,3256.42401,0.006812396,146.79124
8000-9000x,19.38,106.55,22.29128704,79704.53383,3321.022243,0.006712176,148.9829743
8000-9000x,19.48,108.62,22.39852543,81254.89142,3385.620476,0.006615782,151.1537216
8000-9000x,19.60,111.72,22.54143928,83574.51793,3482.27158,0.0064732,154.4831072
8000-9000x,19.73,114.82,22.68435314,85894.14444,3578.922685,0.006338319,157.7705418
8000-9000x,19.85,115.90,22.82769098,86698.87262,3612.453026,0.006319166,158.2487264
8000-9000x,20.00,120.02,22.99431782,89783.82813,3740.992839,0.006146582,162.6920558
8000-9000x,20.12,121.10,23.13765566,90588.5563,3774.523179,0.006129955,163.1333457
8000-9000x,20.20,123.17,23.23293157,92134.97398,3838.957249,0.006051886,165.2377462
8000-9000x,20.31,126.26,23.35192045,94446.72065,3935.280027,0.005933992,168.5206164
8000-9000x,20.39,128.32,23.44719635,95993.13833,3999.714097,0.005862218,170.5838957
8000-9000x,20.46,129.37,23.53072177,96778.16692,4032.423621,0.005835379,171.368463
8000-9000x,20.57,131.45,23.64992264,98332.46442,4097.186018,0.005772236,173.2431044
8000-9000x,20.67,133.53,23.76912352,99886.76193,4161.948414,0.005711057,175.0989434
8000-9000x,20.76,136.61,23.87614992,102194.5687,4258.107029,0.005607222,178.341443
8000-9000x,20.87,139.70,23.9951388,104506.3154,4354.429807,0.005510512,181.4713323
8000-9000x,20.99,142.81,24.13805266,106825.9419,4451.080911,0.005422964,184.4009943
8000-9000x,21.13,145.92,24.30489149,109153.4482,4548.060342,0.005344013,187.1253095
8000-9000x,21.26,150.03,24.44759335,112230.5239,4676.271829,0.005228009,191.2773892
8000-9000x,21.38,152.12,24.5907192,113792.7012,4741.362552,0.005186425,192.8110566
8000-9000x,21.47,154.19,24.6859951,115339.1189,4805.796621,0.005136712,194.6770467
8000-9000x,21.56,157.27,24.7930215,117646.9257,4901.955236,0.005057782,197.7151206
8000-9000x,21.67,160.37,24.92397287,119962.6123,4998.442177,0.004986348,200.5475694
8000-9000x,21.79,162.45,25.05513623,121520.8497,5063.368737,0.004948314,202.0890523
8000-9000x,21.89,164.53,25.17433711,123075.1472,5128.131133,0.004909067,203.7047137
8000-9000x,22.00,169.65,25.30486449,126905.7321,5287.738838,0.004785574,208.9613576
8000-9000x,22.11,170.71,25.42427736,127702.5805,5320.940853,0.004778154,209.2858246
8000-9000x,22.20,174.81,25.53109177,130767.8364,5448.659849,0.004685756,213.4127243
8000-9000x,22.35,178.94,25.6977186,133852.7919,5577.199662,0.004607638,217.0309259
8000-9000x,22.45,181.01,25.81691948,135407.0894,5641.962058,0.004575876,218.5373845
8000-9000x,22.56,185.12,25.94765886,138480.2252,5770.009382,0.004496987,222.3710977
8000-9000x,22.67,187.20,26.06685973,140034.5227,5834.771778,0.004467503,223.8386917
8000-9000x,22.79,192.33,26.2093496,143869.0475,5994.543646,0.004372201,228.7177567
8000-9000x,22.91,196.44,26.35205146,146946.1232,6122.755133,0.004303953,232.3445346
8000-9000x,23.02,198.52,26.47125234,148500.4207,6187.517529,0.00427817,233.7447979
8000-9000x,23.14,203.64,26.61374221,152334.9455,6347.289397,0.00419293,238.4966889
8000-9000x,23.20,203.67,26.68551713,152358.585,6348.274377,0.004203586,237.892125
8000-9000x,23.28,206.75,26.76861855,154658.512,6444.104665,0.00415397,240.7335534
8000-9000x,23.38,209.84,26.88760744,156970.2586,6540.427443,0.004110986,243.2506298
8000-9000x,23.45,211.90,26.97092085,158512.7364,6604.69735,0.004083597,244.8821598
8000-9000x,23.61,218.06,27.14908619,163116.5302,6796.52209,0.003994556,250.3407313
8000-9000x,23.72,222.16,27.27982557,166189.6659,6924.569413,0.00393957,253.8348127
8000-9000x,23.87,226.29,27.4464524,169274.6214,7053.109226,0.003891398,256.9770811
8000-9000x,23.97,229.38,27.56544129,171586.3681,7149.432004,0.003855613,259.3621459
8000-9000x,24.06,232.46,27.67246768,173894.1749,7245.590619,0.003819215,261.8339175
8000-9000x,24.18,236.57,27.80320706,176967.3106,7373.637942,0.003770623,265.20818
8000-9000x,24.28,239.66,27.92219594,179279.0573,7469.96072,0.003737931,267.527695
8000-9000x,24.40,242.76,28.0651098,181598.6838,7566.611825,0.003709072,269.6092009
8000-9000x,24.50,248.89,28.17150022,186178.8381,7757.451586,0.003631541,275.3652282
8000-9000x,24.59,251.97,28.27852661,188486.6448,7853.6102,0.003600704,277.7234581
8000-9000x,24.67,254.04,28.37380252,190033.0625,7918.04427,0.003583436,279.0617953
8000-9000x,24.80,258.15,28.51650438,193110.1382,8046.255757,0.003544071,282.1613634
8000-9000x,24.86,262.23,28.58743132,196163.5743,8173.482264,0.003497583,285.9117411
8000-9000x,24.93,263.28,28.67095674,196948.6029,8206.191788,0.00349382,286.2196704
7000-8000x,17.50,64.08,20.12280625,47932.05301,1997.168875,0.010075666,99.24902377
7000-8000x,17.55,64.10,20.18261868,47951.7526,1997.989692,0.010101463,98.99556264
7000-8000x,17.61,66.16,20.25396961,49490.29044,2062.095435,0.009822033,101.8119151
7000-8000x,17.67,66.19,20.32574453,49513.92994,2063.080414,0.009852134,101.5008533
7000-8000x,17.75,69.27,20.40884595,51813.85686,2158.910703,0.009453307,105.7830858
7000-8000x,17.87,70.34,20.5521838,52618.58504,2192.441043,0.00937411,106.6767924
7000-8000x,17.96,71.40,20.65963418,53411.49347,2225.478894,0.009283231,107.7211182
7000-8000x,18.04,71.44,20.74337158,53439.07289,2226.628037,0.009316047,107.3416647
7000-8000x,18.12,72.49,20.83885948,54228.0414,2259.501725,0.009222768,108.4273219
7000-8000x,18.19,73.54,20.92238489,55013.06999,2292.211249,0.009127599,109.5578378
7000-8000x,18.28,75.61,21.0176608,56559.48766,2356.645319,0.008918466,112.126908
7000-8000x,18.36,76.66,21.11314869,57348.45617,2389.519007,0.008835732,113.1768189
7000-8000x,18.42,77.71,21.18471162,58129.54484,2422.064368,0.008746552,114.3307689
7000-8000x,18.49,79.77,21.26802504,59672.0226,2486.334275,0.008553968,116.9048029
7000-8000x,18.58,79.81,21.36372493,59703.54194,2487.647581,0.008587923,116.4425955
7000-8000x,18.67,81.88,21.47096332,61253.89953,2552.245814,0.008412577,118.8696462
7000-8000x,18.76,83.96,21.57820171,62804.25712,2616.844047,0.008245888,121.2725732
7000-8000x,18.84,83.99,21.66193911,62831.83654,2617.993189,0.008274253,120.8568252
7000-8000x,18.92,86.06,21.75721502,64378.25421,2682.427259,0.008111018,123.2890908
7000-8000x,19.02,88.14,21.8764159,65932.55172,2747.189655,0.007963198,125.5776846
7000-8000x,19.12,89.20,21.98386628,66725.46015,2780.227506,0.007907218,126.466722
7000-8000x,19.20,91.27,22.07914218,68271.87782,2844.661576,0.007761606,128.839316
7000-8000x,19.34,93.37,22.24619301,69841.935,2910.080625,0.007644528,130.8125226
7000-8000x,19.45,95.44,22.36539388,71396.23251,2974.843021,0.007518176,133.0109828
7000-8000x,19.56,98.54,22.49634525,73711.9191,3071.329963,0.007324627,136.5257302
7000-8000x,19.69,99.61,22.6396831,74516.64728,3104.860303,0.007291691,137.1423924
7000-8000x,19.78,101.69,22.74692149,76067.00487,3169.458536,0.007176911,139.3357135
7000-8000x,19.89,102.76,22.87829684,76867.79313,3202.824714,0.007143162,139.9940186
7000-8000x,20.00,105.85,22.99728573,79179.5398,3299.147492,0.006970675,143.4581251
7000-8000x,20.11,108.94,23.1282371,81495.2264,3395.634433,0.006811168,146.8176938
7000-8000x,20.23,111.03,23.25940046,83053.46382,3460.560993,0.00672128,148.7811777
7000-8000x,20.35,113.11,23.40252631,84615.64116,3525.651715,0.006637787,150.652612
7000-8000x,20.45,115.19,23.52172719,86169.93867,3590.414111,0.006551257,152.6424519
7000-8000x,20.56,117.27,23.64092806,87724.23618,3655.176508,0.006467794,154.6122258
7000-8000x,20.62,118.31,23.71249099,88505.32485,3687.721869,0.006430119,155.5181137
7000-8000x,20.74,121.42,23.85540484,90824.95136,3784.372973,0.006303661,158.637969
7000-8000x,20.87,123.50,23.99853069,92387.12871,3849.463696,0.006234253,160.4041408
7000-8000x,20.98,126.60,24.12948206,94702.8153,3945.950637,0.006114998,163.5323389
7000-8000x,21.08,127.66,24.23693245,95495.72372,3978.988488,0.00609123,164.1704658
7000-8000x,21.18,130.75,24.35592133,97807.4704,4075.311267,0.005976457,167.3232234
7000-8000x,21.26,131.80,24.45140923,98596.43891,4108.184954,0.005951876,168.0142406
7000-8000x,21.34,133.87,24.54668513,100142.8566,4172.619024,0.0058828,169.9870676
7000-8000x,21.45,135.95,24.66588601,101697.1541,4237.38142,0.005821021,171.7911701
7000-8000x,21.53,138.02,24.76116191,103243.5718,4301.81549,0.00575598,173.7323759
7000-8000x,21.69,142.15,24.93975124,106332.4672,4430.519466,0.005629081,177.6489037
7000-8000x,21.84,146.28,25.11834056,109421.3626,4559.223442,0.005509346,181.5097391
7000-8000x,21.99,150.40,25.28496739,112506.3181,4687.763255,0.005393823,185.3972434
7000-8000x,22.13,152.50,25.45201822,114076.3753,4753.182304,0.005354732,186.7507034
7000-8000x,22.26,155.60,25.59493207,116396.0018,4849.833409,0.005277487,189.4841289
7000-8000x,22.39,159.72,25.74959642,119477.0174,4978.209059,0.005172462,193.3315372
7000-8000x,22.50,162.81,25.88054779,121792.704,5074.696,0.005099921,196.0814756
7000-8000x,22.67,166.95,26.0710996,124885.5393,5203.56414,0.005010239,199.59128
7000-8000x,22.78,170.04,26.20205097,127201.2259,5300.051081,0.004943736,202.2761915
7000-8000x,22.91,174.16,26.34475283,130278.3016,5428.262567,0.004853257,206.0472004
7000-8000x,23.04,177.26,26.49962918,132601.868,5525.077835,0.004796245,208.4964208
7000-8000x,23.19,179.36,26.66668,134171.9252,5590.496884,0.004770002,209.6435284
7000-8000x,23.34,185.52,26.84484533,138775.719,5782.321624,0.004642572,215.3978372
7000-8000x,23.50,191.67,27.02301067,143379.5127,5974.146364,0.004523326,221.0762686
7000-8000x,23.65,195.80,27.20159999,146468.4082,6102.850341,0.004457196,224.3563005
7000-8000x,23.79,197.89,27.35668833,148034.5254,6168.105226,0.004435185,225.4697335
7000-8000x,23.94,202.02,27.53527765,151123.4209,6296.809203,0.004372894,228.681522
7000-8000x,24.08,206.14,27.689942,154204.4365,6425.184852,0.004309595,232.0403868
7000-8000x,24.17,209.23,27.7969684,156512.2432,6521.343467,0.00426246,234.6062842
7000-8000x,24.31,212.33,27.95184474,158835.8096,6618.158735,0.004223508,236.7700163
7000-8000x,24.39,215.41,28.04690865,161139.6765,6714.153187,0.004177282,239.3901328
7000-8000x,24.51,218.51,28.1898225,163459.303,6810.804291,0.004138986,241.6050789
7000-8000x,24.60,223.62,28.28446243,167278.0682,6969.919507,0.004058076,246.4222017
7000-8000x,24.70,225.70,28.40366331,168832.3657,7034.681903,0.004037661,247.6681204
7000-8000x,24.78,228.78,28.49872722,171136.2325,7130.676355,0.003996637,250.2103445
7000-8000x,24.85,230.84,28.58204063,172678.7103,7194.946261,0.003972516,251.7296212
7000-8000x,24.91,230.86,28.64185307,172698.4099,7195.767077,0.003980375,251.2325952
7000-8000x,24.95,232.91,28.68927902,174229.0679,7259.544494,0.003951939,253.0403252
5000-6000x,17.49,49.89,20.11381167,37323.82477,1555.159365,0.012933602,77.31798383
5000-6000x,17.57,49.94,20.20951156,37355.34411,1556.472671,0.012984174,77.01683768
5000-6000x,17.68,49.99,20.32913642,37394.74329,1558.114304,0.013047269,76.64439213
5000-6000x,17.76,51.04,20.42462432,38183.71179,1590.987991,0.012837699,77.89558165
5000-6000x,17.82,52.09,20.49618725,38964.80047,1623.533353,0.012624433,79.2114813
5000-6000x,17.92,53.15,20.60363763,39757.70889,1656.571204,0.01243752,80.40188017
5000-6000x,18.02,55.23,20.72283851,41312.0064,1721.3336,0.012038828,83.06456663
5000-6000x,18.09,55.26,20.80657591,41339.58582,1722.482743,0.01207941,82.78549772
5000-6000x,18.21,56.33,20.93795127,42140.37408,1755.84892,0.011924688,83.85963353
5000-6000x,18.30,57.39,21.04540165,42933.28251,1788.886771,0.011764524,85.00131291
5000-6000x,18.44,57.46,21.20091397,42984.50144,1791.020893,0.011837335,84.47847557
5000-6000x,18.51,58.51,21.28443939,43769.53003,1823.730418,0.011670825,85.68374223
5000-6000x,18.58,59.56,21.3679648,44554.55862,1856.439942,0.011510184,86.87958633
5000-6000x,18.65,61.62,21.45127822,46097.03637,1920.709849,0.011168412,89.53824707
5000-6000x,18.73,61.66,21.53501562,46124.61579,1921.858991,0.011205305,89.24344544
5000-6000x,18.78,61.69,21.59482805,46144.31538,1922.679808,0.01123163,89.03427261
5000-6000x,18.82,63.73,21.64225401,47674.97339,1986.457224,0.010894901,91.78605997
5000-6000x,18.94,63.80,21.78580385,47722.2524,1988.427183,0.0109563,91.27169221
5000-6000x,19.05,65.87,21.90500472,49276.54991,2053.189579,0.010668769,93.73152872
5000-6000x,19.13,67.94,22.00028063,50822.96758,2117.623649,0.010389136,96.25439261
5000-6000x,19.21,69.00,22.09576853,51611.93609,2150.497337,0.010274725,97.3262068
5000-6000x,19.32,70.06,22.2151814,52408.78443,2183.699351,0.010173187,98.29761514
5000-6000x,19.45,71.14,22.37048173,53217.45252,2217.393855,0.010088637,99.12141734
5000-6000x,19.57,72.21,22.50185708,54018.24078,2250.760033,0.009997448,100.0255234
5000-6000x,19.69,74.30,22.64498293,55580.41813,2315.850755,0.009778257,102.2677192
5000-6000x,19.83,77.41,22.79985927,57903.98455,2412.666023,0.009450069,105.8193384
5000-6000x,19.94,77.46,22.93144662,57947.32365,2414.471819,0.0094975,105.2908636
5000-6000x,20.05,78.54,23.06282198,58748.11191,2447.837996,0.009421711,106.1378351
5000-6000x,20.15,80.61,23.17006037,60298.4695,2512.436229,0.009222149,108.4346
5000-6000x,20.25,82.69,23.28926125,61852.76701,2577.198625,0.009036657,110.6603854
5000-6000x,20.31,82.72,23.36103617,61876.40651,2578.183605,0.009061044,110.3625535
5000-6000x,20.45,85.82,23.51591251,64199.97294,2674.998873,0.008790999,113.7527141
5000-6000x,20.56,86.89,23.64728787,65000.7612,2708.36505,0.008731204,114.531741
5000-6000x,20.71,88.99,23.81433869,66570.81838,2773.784099,0.008585506,116.4753779
5000-6000x,20.81,92.08,23.93332757,68882.56505,2870.106877,0.008338828,119.920929
5000-6000x,20.92,93.15,24.05274044,69679.4134,2903.308892,0.008284596,120.7059503
5000-6000x,21.03,94.22,24.1841158,70480.20166,2936.675069,0.008235203,121.4299126
5000-6000x,21.14,96.30,24.31527916,72038.43908,3001.601628,0.008100768,123.4450819
5000-6000x,21.27,98.39,24.45840501,73600.61643,3066.692351,0.0079755,125.3839876
5000-6000x,21.39,100.48,24.60153086,75162.79377,3131.783074,0.007855439,127.3003331
5000-6000x,21.52,103.58,24.74444472,77482.42028,3228.434178,0.007664534,130.47107
5000-6000x,21.64,104.65,24.88778256,78287.14846,3261.964519,0.007629691,131.0669004
5000-6000x,21.78,107.76,25.0426589,80610.71489,3358.779787,0.00745588,134.122331
5000-6000x,21.89,109.84,25.17382227,82168.95231,3423.706346,0.007352798,136.0026423
5000-6000x,21.99,111.92,25.29302314,83723.24982,3488.468742,0.007250466,137.9221741
5000-6000x,22.13,114.02,25.44811148,85289.36708,3553.723628,0.007160971,139.6458685
5000-6000x,22.24,116.10,25.57927484,86847.60451,3618.650188,0.007068734,141.4680522
5000-6000x,22.38,119.20,25.73415119,89171.17093,3715.465456,0.006926225,144.378784
5000-6000x,22.49,122.30,25.86510256,91486.85753,3811.952397,0.006785264,147.3782054
5000-6000x,22.62,123.38,26.0084404,92291.5857,3845.482738,0.006763375,147.8551839
5000-6000x,22.76,126.49,26.17527923,94619.09205,3942.462169,0.006639323,150.6177693
5000-6000x,22.88,128.57,26.30644259,96177.32948,4007.388728,0.006564485,152.3348782
5000-6000x,23.01,132.69,26.46110694,99258.34507,4135.764378,0.006398118,156.29597
5000-6000x,23.18,133.79,26.65229473,100078.8329,4169.951372,0.006391512,156.4574988
5000-6000x,23.32,136.90,26.81913356,102406.3393,4266.930803,0.006285345,159.1002481
5000-6000x,23.45,140.00,26.96204742,104725.9658,4363.581907,0.00617888,161.8416376
5000-6000x,23.57,143.10,27.10496127,107045.5923,4460.233012,0.006077028,164.5541186
5000-6000x,23.71,146.21,27.2718001,109373.0986,4557.212443,0.005984316,167.1034705
5000-6000x,23.82,149.30,27.39078898,111684.8453,4653.535221,0.005886017,169.8941649
5000-6000x,23.96,151.40,27.55783981,113254.9025,4718.95427,0.005839819,171.2381777
5000-6000x,24.09,155.51,27.70054167,116331.9782,4847.165756,0.005714792,174.9845116
5000-6000x,24.22,157.61,27.85563001,117898.0954,4912.420642,0.005670449,176.3528824
5000-6000x,24.36,159.70,28.01071834,119464.2127,4977.675528,0.005627269,177.7061005
5000-6000x,24.50,162.81,28.17755717,121791.719,5074.654959,0.005552606,180.0956317
5000-6000x,24.63,167.94,28.32004704,125626.2439,5234.426828,0.005410343,184.8311488
5000-6000x,24.74,170.02,28.4512104,127184.4813,5299.353387,0.005368808,186.2610874
5000-6000x,24.82,170.06,28.54691029,127216.0006,5300.666693,0.005385532,185.6826759
5000-6000x,24.90,173.14,28.63001172,129515.9276,5396.496981,0.005305296,188.4909107
5000-6000x,24.95,174.18,28.68961216,130293.0763,5428.878179,0.00528463,189.2280087
4000-5000x,17.49,43.82,20.11508363,32779.12977,1365.797074,0.014727725,67.89914967
4000-5000x,17.60,43.87,20.23470849,32818.52895,1367.438706,0.014797525,67.57886859
4000-5000x,17.72,45.96,20.37783434,34380.70629,1432.529429,0.014225072,70.2984137
4000-5000x,17.80,46.00,20.47353423,34412.22563,1433.842735,0.014278786,70.0339628
4000-5000x,17.94,47.08,20.62883456,35220.89373,1467.537239,0.014056771,71.14009443
4000-5000x,18.03,49.16,20.73607295,36771.25132,1532.135472,0.013534099,73.88744605
4000-5000x,18.12,49.20,20.84373533,36806.71058,1533.612941,0.013591262,73.57668462
4000-5000x,18.23,51.28,20.96293621,38361.00809,1598.375337,0.013115152,76.24768406
4000-5000x,18.34,51.34,21.09452356,38404.34718,1600.181133,0.013182585,75.857657
4000-5000x,18.44,52.40,21.20197394,39197.25561,1633.218984,0.012981709,77.03145887
4000-5000x,18.49,52.43,21.26178637,39216.95519,1634.0398,0.013011792,76.85336364
4000-5000x,18.55,54.48,21.33313731,40755.49303,1698.145543,0.012562608,79.60130377
4000-5000x,18.62,54.52,21.41687471,40783.07246,1699.294686,0.012603391,79.34372819
4000-5000x,18.70,55.57,21.50040012,41568.10105,1732.00421,0.012413596,80.55683617
4000-5000x,18.78,56.62,21.59588802,42357.06955,1764.877898,0.012236477,81.72286764
4000-5000x,18.88,57.69,21.71530089,43153.9179,1798.079912,0.012076939,82.80244061
4000-5000x,18.97,57.73,21.81100078,43185.43724,1799.393218,0.012121309,82.49934225
4000-5000x,19.12,61.86,21.9895901,46274.33267,1928.097194,0.011404814,87.68227081
4000-5000x,19.28,61.94,22.1690274,46333.43143,1930.559643,0.011483213,87.08364189
4000-5000x,19.38,63.00,22.28844027,47130.27977,1963.761657,0.01134987,88.10673307
4000-5000x,19.50,65.09,22.41960363,48688.5172,2028.688217,0.011051281,90.48724723
4000-5000x,19.61,66.16,22.55097899,49489.30546,2062.054394,0.010936171,91.43968407
4000-5000x,19.71,68.24,22.67017987,51043.60297,2126.81679,0.010659207,93.81561165
4000-5000x,19.85,71.34,22.82505621,53367.16939,2223.632058,0.010264763,97.42066078
4000-5000x,19.96,70.39,22.95685555,52653.05932,2193.877472,0.010464055,95.56524267
4000-5000x,20.05,72.45,23.05213146,54199.477,2258.311541,0.010207684,97.96541139
4000-5000x,20.15,72.51,23.17175632,54238.87617,2259.953174,0.010253202,97.53050838
4000-5000x,20.23,74.57,23.26703222,55785.29384,2324.387244,0.010009964,99.90046093
4000-5000x,20.32,75.63,23.36252012,56574.26235,2357.260931,0.009910876,100.8992574
4000-5000x,20.42,76.69,23.48193299,57371.11069,2390.462946,0.009823174,101.8000923
4000-5000x,20.52,77.76,23.60134586,58167.95904,2423.66496,0.009737875,102.6918115
4000-5000x,20.62,81.86,23.70816027,61233.21496,2551.383957,0.009292275,107.6162776
4000-5000x,20.76,81.93,23.87563508,61288.37381,2553.682242,0.009349493,106.9576677
4000-5000x,20.88,85.03,24.00658644,63604.0604,2650.169183,0.009058511,110.3934201
4000-5000x,21.00,87.11,24.14971229,65166.23774,2715.259906,0.00889407,112.4344619
4000-5000x,21.17,89.22,24.34068809,66744.17476,2781.007282,0.008752472,114.2534373
4000-5000x,21.29,89.29,24.48423793,66791.45377,2782.97724,0.008797858,113.6640335
4000-5000x,21.40,91.37,24.61540129,68349.69119,2847.9038,0.00864334,115.6960135
4000-5000x,21.53,92.45,24.75873913,69154.41937,2881.43414,0.008592506,116.3804879
4000-5000x,21.64,94.53,24.8899025,70712.6568,2946.3607,0.008447677,118.3757429
4000-5000x,21.79,98.65,25.05652933,73797.61231,3074.900513,0.008148728,122.7185326
4000-5000x,21.91,99.73,25.19986717,74602.34049,3108.430854,0.008106942,123.3510809
4000-5000x,22.02,101.81,25.31906805,76156.63799,3173.19325,0.00797905,125.328201
4000-5000x,22.14,103.90,25.4621939,77718.81534,3238.283972,0.007862866,127.1800845
4000-5000x,22.27,107.00,25.60510776,80038.44185,3334.935077,0.007677843,130.2449147
4000-5000x,22.39,109.08,25.74823361,81600.61919,3400.0258,0.007572952,132.0488951
4000-5000x,22.53,112.20,25.91507244,83928.12554,3497.005231,0.007410647,134.9409784
4000-5000x,22.64,112.25,26.0346973,83967.52471,3498.646863,0.007441362,134.3840039
4000-5000x,22.74,114.33,26.15389818,85521.82222,3563.409259,0.007339572,136.2477301
4000-5000x,22.87,115.40,26.29723602,86326.5504,3596.9396,0.007311003,136.7801391
4000-5000x,22.99,118.50,26.44014988,88646.17691,3693.590705,0.007158387,139.6962847
4000-5000x,23.13,121.61,26.59502622,90969.74334,3790.405972,0.007016406,142.5231147
4000-5000x,23.24,123.69,26.72618958,92527.98076,3855.332532,0.006932266,144.2529815
4000-5000x,23.42,126.82,26.92891587,94867.30686,3952.804453,0.00681261,146.7866167
4000-5000x,23.54,129.92,27.07182973,97186.93337,4049.455557,0.006685301,149.5818937
4000-5000x,23.68,132.01,27.22691806,98753.05063,4114.710443,0.006616971,151.1265591
4000-5000x,23.80,134.10,27.37004391,100315.228,4179.801166,0.006548169,152.7144486
4000-5000x,23.95,137.21,27.53688274,102642.7343,4276.780597,0.006438694,155.3109928
4000-5000x,24.09,141.34,27.70350958,105727.6898,4405.32041,0.006288648,159.0166905
4000-5000x,24.26,143.45,27.89448537,107305.6268,4471.067785,0.006238887,160.2850071
4000-5000x,24.38,146.55,28.03739923,109625.2534,4567.71889,0.006138162,162.9152138
4000-5000x,24.49,149.64,28.1683506,111940.9399,4664.205831,0.00603926,165.5832071
4000-5000x,24.61,151.73,28.29951396,113499.1774,4729.132391,0.005984082,167.1100216
4000-5000x,24.71,153.80,28.41871484,115053.4749,4793.894787,0.005928106,168.6879514
4000-5000x,24.81,155.88,28.52595323,116603.8325,4858.49302,0.005871358,170.3183407
4000-5000x,24.88,157.94,28.60926665,118146.3102,4922.762926,0.005811628,172.068826
4000-5000x,24.96,158.99,28.70475455,118935.2787,4955.636614,0.005792345,172.6416649
